[
    {
        "fecha": "2025-06-08 07:19:52",
        "texto_original": "1212 marco sanchez 1212",
        "cuentas_encontradas": [
            "1212",
            "1212"
        ]
    },
    {
        "fecha": "2025-06-08 07:20:07",
        "texto_original": "sfsdf 211212",
        "cuentas_encontradas": [
            "211212"
        ]
    },
    {
        "fecha": "2025-06-08 07:20:14",
        "texto_original": "sdasd1212123343",
        "cuentas_encontradas": [
            "1212123343"
        ]
    },
    {
        "fecha": "2025-06-08 07:20:23",
        "texto_original": "Marco sanchez ",
        "cuentas_encontradas": []
    },
    {
        "fecha": "2025-06-08 07:20:30",
        "texto_original": "Marco sanchez ",
        "cuentas_encontradas": []
    },
    {
        "fecha": "2025-06-08 07:20:41",
        "texto_original": "Marco sanchez ",
        "cuentas_encontradas": []
    },
    {
        "fecha": "2025-06-08 07:20:44",
        "texto_original": "s2123",
        "cuentas_encontradas": [
            "2123"
        ]
    },
    {
        "fecha": "2025-06-08 07:21:05",
        "texto_original": "s2123",
        "cuentas_encontradas": [
            "2123"
        ]
    },
    {
        "fecha": "2025-06-08 07:21:22",
        "texto_original": "s2123",
        "cuentas_encontradas": [
            "2123"
        ]
    },
    {
        "fecha": "2025-06-08 07:21:51",
        "texto_original": "s2123",
        "cuentas_encontradas": [
            "2123"
        ]
    },
    {
        "fecha": "2025-06-08 07:22:10",
        "texto_original": "s2123",
        "cuentas_encontradas": [
            "2123"
        ]
    },
    {
        "fecha": "2025-06-08 07:22:12",
        "texto_original": "asdasd",
        "cuentas_encontradas": []
    },
    {
        "fecha": "2025-06-08 07:22:15",
        "texto_original": "dsaads 21231",
        "cuentas_encontradas": [
            "21231"
        ]
    },
    {
        "fecha": "2025-06-08 07:22:26",
        "texto_original": "asdasd 1213",
        "cuentas_encontradas": [
            "1213"
        ]
    },
    {
        "fecha": "2025-06-08 07:22:28",
        "texto_original": "asdas 12312",
        "cuentas_encontradas": [
            "12312"
        ]
    },
    {
        "fecha": "2025-06-08 07:22:37",
        "texto_original": "adad 2122222",
        "cuentas_encontradas": [
            "2122222"
        ]
    }
]