[
    {
        "nombre_cliente": "Vinicio",
        "num_personas": 2,
        "num_cuartos": 2,
        "tipo_hab": "estandar",
        "vista_mar": "si",
        "incluye_desayuno": "no",
        "num_noches": 2,
        "base": 4600,
        "impuesto": 690,
        "servicio": 828,
        "total": 6118
    },
    {
        "nombre_cliente": "Vinicio",
        "num_personas": 2,
        "num_cuartos": 2,
        "tipo_hab": "estandar",
        "vista_mar": "si",
        "incluye_desayuno": "no",
        "num_noches": 2,
        "base": 4600,
        "impuesto": 690,
        "servicio": 828,
        "total": 6118
    },
    {
        "nombre_cliente": "Kass",
        "num_personas": 22,
        "num_cuartos": 2,
        "tipo_hab": "estandar",
        "vista_mar": "si",
        "incluye_desayuno": "si",
        "num_noches": 2,
        "base": 11200,
        "impuesto": 1680,
        "servicio": 2016,
        "total": 14896
    },
    {
        "nombre_cliente": "Vinicio",
        "num_personas": 2,
        "num_cuartos": 2,
        "tipo_hab": "estandar",
        "vista_mar": "si",
        "incluye_desayuno": "no",
        "num_noches": 2,
        "base": 4600,
        "impuesto": 690,
        "servicio": 828,
        "total": 6118
    }
]